{"img1": [{"class": 64, "confidence": 0.8905174732, "name": "mouse", "xmax": 1599.552734375, "xmin": 1392.1690673828, "ymax": 1116.3695068359, "ymin": 902.0318603516}, {"class": 63, "confidence": 0.6385954618, "name": "laptop", "xmax": 1522.5570068359, "xmin": 472.3603820801, "ymax": 778.096862793, "ymin": 87.282333374}, {"class": 66, "confidence": 0.4632259011, "name": "keyboard", "xmax": 1463.640625, "xmin": 0.0, "ymax": 1122.6491699219, "ymin": 718.2955932617}, {"class": 66, "confidence": 0.2704735994, "name": "keyboard", "xmax": 1292.5861816406, "xmin": 694.598815918, "ymax": 657.5953369141, "ymin": 543.4806518555}]}